FName,LName,Email,Town,Province
Bob,Brown,diana.smith@example.com,Chicago,NY
Ian,Taylor,fiona.johnson@example.com,Los Angeles,CA
Fiona,Miller,ian.wilson@mail.com,Phoenix,NY
Fiona,Williams,fiona.smith@test.org,New York,AZ
Bob,Brown,ian.jones@test.org,Chicago,AZ
Ethan,Johnson,ian.wilson@mail.com,New York,CA
Hannah,Jones,george.miller@example.com,Chicago,NY
Ian,Jones,ian.taylor@example.com,New York,TX
Ethan,Brown,hannah.smith@test.org,Chicago,TX
Charlie,Garcia,bob.taylor@test.org,Houston,NY
George,Miller,george.williams@mail.com,New York,TX
Ethan,Smith,alice.jones@mail.com,Phoenix,AZ
Alice,Wilson,bob.garcia@example.com,Houston,AZ
Alice,Smith,bob.johnson@test.org,Houston,CA
Julia,Jones,charlie.brown@test.org,Los Angeles,AZ
Alice,Smith,fiona.davis@mail.com,Chicago,NY
Charlie,Johnson,alice.brown@test.org,Los Angeles,TX
Hannah,Jones,alice.smith@example.com,Phoenix,NY
Alice,Miller,hannah.jones@mail.com,Houston,AZ
George,Brown,charlie.jones@example.com,Phoenix,IL
George,Garcia,alice.miller@example.com,New York,IL
Ian,Smith,diana.miller@test.org,New York,TX
Charlie,Williams,alice.johnson@example.com,New York,TX
Ethan,Brown,george.williams@test.org,Houston,CA
Alice,Davis,george.wilson@test.org,New York,TX
George,Brown,bob.johnson@test.org,Phoenix,IL
Ethan,Wilson,hannah.brown@example.com,Phoenix,CA
Ethan,Brown,george.taylor@mail.com,Phoenix,TX
Hannah,Garcia,ethan.garcia@test.org,New York,AZ
Fiona,Johnson,ian.garcia@mail.com,Phoenix,IL
Bob,Johnson,alice.smith@mail.com,New York,NY
Fiona,Brown,hannah.jones@mail.com,Chicago,AZ
Diana,Brown,julia.smith@mail.com,New York,IL
Ian,Davis,julia.johnson@mail.com,Houston,IL
Alice,Miller,george.wilson@mail.com,Chicago,TX
George,Johnson,fiona.johnson@example.com,Phoenix,CA
Fiona,Garcia,bob.johnson@mail.com,Phoenix,IL
Fiona,Williams,fiona.smith@mail.com,Houston,TX
Charlie,Taylor,alice.taylor@example.com,Phoenix,AZ
Alice,Jones,diana.smith@test.org,Phoenix,AZ
Julia,Taylor,charlie.garcia@example.com,Chicago,NY
Julia,Garcia,julia.garcia@mail.com,Chicago,CA
Fiona,Jones,diana.davis@test.org,Houston,NY
Alice,Williams,fiona.miller@example.com,Phoenix,TX
Ethan,Brown,charlie.davis@test.org,New York,AZ
Ethan,Garcia,george.wilson@test.org,New York,CA
Ethan,Brown,fiona.johnson@test.org,Houston,IL
Charlie,Wilson,julia.davis@mail.com,Los Angeles,IL
George,Smith,hannah.wilson@example.com,New York,NY
Diana,Davis,ethan.taylor@example.com,Chicago,TX
